{"model": "Xenova/all-MiniLM-L6-v2", "threshold": 0.45, "coef": [0.4676490415682381, 0.985497867237735, -0.8970626050489606, -0.6595517973477019, 0.23596499850366917, 0.5544954992589634, -0.8919676552513566, 1.4087025410260419, -0.8550275859575726, -1.0535267078455797, 0.26285015239518544, -0.7612353518951818, -0.41095261456991433, -0.7255337344233573, -0.13016000124440522, 0.4793286290643735, 0.32112807848953945, 0.19038829371138655, -0.17602724616317802, -0.6599685466064156, 0.7863125742343953, -0.9094442052575172, -0.34842779834297494, -0.30704970349108496, 0.9785193113186712, -0.3010782388258414, -0.07868232849121265, 0.49336175446770314, -0.07375960282141812, 1.3622657906288216, 0.6914800115503427, -0.7492809096136607, 0.500131716155273, 0.2079649477422202, 0.8915232550874708, 0.8879187517149106, -1.0719664093896395, 0.9979731946479576, -1.074186148388319, -0.5665299939223152, -0.6603339130411209, -0.7515246769589289, -0.7247348997601312, -0.3054265212085685, 0.00903457666191245, -0.5551689337766489, 0.5218728937021992, 0.4842484358178187, -1.1403295617037292, -0.6315638335285516, 0.712854609544406, -0.7486692533339208, 0.7250650006902386, -0.4035005318590352, -0.23235756795128346, -0.08773360412580297, 0.21128193383665905, 0.4448381843759972, -1.0779611659786614, 0.03236564844049903, 0.4345520796286591, -0.8259569154369872, 0.5200801862342911, -0.2602867980079329, -0.7219490577811158, 0.6309014092816597, 0.6100242211865772, -0.09132270567767879, 0.4260357880281824, -0.23607256973324328, 0.28030506160329954, -1.258778447142441, -1.2537670601445812, 0.34506202567198746, 0.5089047041025806, -0.27545717187648516, -0.12285596172184791, 1.1479388893666518, -0.21384479013763677, -0.4512111703464792, 0.15094048384727798, 0.7320922945299485, -0.399502866789408, -0.008891671018240555, 0.455104757421855, 0.4924429341105087, 0.22136312079566792, -0.30562330024652984, -0.09362478622806801, 0.4132226365153236, 1.605228451263378, 0.1026828772049829, 0.9187568710889424, -0.6181776056137133, 0.5968702613285531, 1.32084210311521, -0.5100511134206809, -0.3555608760998044, 1.4002875275731557, -0.8212275494163954, 0.10325547494532668, -0.9164612257861777, -0.3807309329076229, -0.054251508079052074, -1.0184404160718876, 0.30833449637958826, 0.33163163047894106, -0.30440122637029626, -0.23403644087929945, 0.7851457210647749, 0.10295148146919916, 0.19325113278224895, -0.8372437871391132, -0.47980142867951964, 0.4093341408219053, -0.04699171009928208, -1.14904058360779, -0.5317255981595825, 0.7348508821013005, -0.6855326064517707, -0.6055688657285783, -0.8690129897594009, 0.2355125890365292, -0.16365984890805874, -0.7346217826164296, -0.006140273906173197, -0.26383984268116994, 6.729691105172264e-32, -0.246469398756293, 0.7926677834797611, -1.3521809026284375, -0.8515860681153622, -1.5275116858005486, 0.368719564899767, 0.8792192287855397, 0.017102166532836676, 0.3352840860161131, -0.048784904472243894, 0.7612567094309236, 0.7332540420731198, 1.8676009695613824, -0.6002334188376439, 0.15999010409483302, 0.23890356952875794, 1.2607370560625437, 0.3658286885776126, 0.2536660868486223, -0.2375835203031191, 0.8166228334436959, -0.7096587405430096, -0.22888206518048637, -0.12878745995504676, 0.9859995144199399, -1.097483129880575, 0.058469649906755516, 0.7362613289923295, -1.320862802662452, -0.5035746331706257, -0.6233691173503927, -0.21127677190213337, -0.004772940475799797, -1.163477481802961, 0.9301000440121763, 0.7990672269879167, 0.41208985439751916, 0.4127689955239367, 0.03512054326586096, -0.9216543767698915, -0.9906303102742409, 0.568078122186553, -0.3203904684134194, 0.3099624972341781, 1.5017360629321286, 0.5486886059969551, 0.44924082937648113, -0.6455395343939225, 0.11920384281313628, 0.7325147931095635, 0.37651070267496084, -0.3219255401842223, -0.5125390922705612, 0.04204537678671973, -0.10218826233384506, -0.1628266377425277, 0.3088843032039471, 0.047844783561708695, 0.06297876433742494, -0.552913334112284, -0.2419651916065306, -1.2304079582867204, -1.136947321088735, 1.3319249859741806, 0.0031825643065279794, 0.328983331635069, -0.4798536186087262, -0.23768527208807605, 1.2233624911649765, 0.09789190109340402, 0.16391725956921935, -0.7310593379219842, 0.021942256697426724, 1.0732271027794429, -0.047731808325780896, -0.03838776636729797, -0.9197977226724904, 0.9664150768846715, -0.13436464877114196, 0.58774615239458, -0.8672280852611602, 0.3657116660019387, -0.5584932092797729, 0.7988054928617617, 0.43245491759743887, 0.6469208308266251, 0.371349060625412, 1.24988440782162, 0.6500076983776891, 1.3941671909537865, 0.7656261479330327, 1.0007438465989906, -1.6570357800464122, 0.960009718803555, 0.3517619219825508, -7.504625196198032e-32, -0.08516906772758176, 1.7856980432356906, 0.9660794044847008, -1.1509954558492925, -0.30050898968323914, 0.47585072021180197, 0.1614413936946863, -0.8750453057296567, 1.0125744443797113, -0.707564456950042, -0.47921605952685614, 0.29052145937373675, -0.3186873658723192, -0.33865196906013006, -0.9501166922750588, -0.21765941973449354, -0.9442276055067056, -1.229351144631649, -0.07591851496171832, -0.3004508734615701, 0.9555677100290737, 0.2243058986509084, 0.26904095562242303, -0.6733563639567103, -0.4131067469806766, -0.9137954497694596, -0.8307294891619031, -1.2412394005528424, 1.0494494082486736, -0.3529060510620972, 0.6399597888458162, 0.08441425814260699, 1.2246597904501109, 0.9801706017647904, 0.3566855224584385, -1.022773955767441, -0.4305374152816027, 0.48592512175496827, 1.0025235504973968, 0.6506935008782248, 1.3993324458420693, 0.3342124839036306, -0.7712697281065142, -2.1321300714407645, 0.08010097435170813, -0.023903922467829762, -0.385429579330558, -0.9568338081339511, 1.029614689204253, -0.34041433525950393, 0.4282178189569586, 0.13905986271020437, 0.10749544967425186, 0.27431871700941496, -0.0367265776097791, -0.7441530593948594, 0.5197154535149858, 0.13773894946999654, -0.6755728946719225, -0.16213608955989514, 1.4871629693741035, -0.22943429735282403, 0.7706538795436282, -0.459337103075957, -0.22477134735703835, 0.366838807845094, 0.8956373000722332, -0.24513344295350448, 0.792379935445374, -0.00566693496234146, -1.172553273774306, -0.025431171695511966, 1.2198690521069937, -0.5747014740877217, -0.6442500829300905, -0.842057448413388, -0.9291320225060508, 0.6050896826946663, 0.14246418911680908, 0.13653391996825157, 0.29058100993301467, -0.16787172157417, -0.27284002831240833, -0.7286033371169045, -0.33836387828563613, 0.3187564424290863, -0.4709262106231324, -0.31521447626105054, 0.1894484782139252, -1.2236987326865039, -0.4860679635352895, -0.14959403865834023, 0.07079164552050805, -0.6320772493017289, -0.6686983743945194, -3.997274413569589e-07, 0.06878451419928922, -1.1534450878879594, 0.8878938892067164, 0.12005204615527978, -0.9804262359403771, -0.3225168927412564, -1.4193888660306548, 0.03680358834250824, 1.131418571502247, 0.22651698806658346, -0.7756045154963345, -0.6964902595127264, -0.4602333957326907, -0.9958939402031927, -0.8064456060640711, -0.19920372313390972, -0.900344419767746, 0.17553763308095297, 0.2743704556524202, -0.35167739651203783, 0.2231770655864321, 0.14299869077605218, -0.9190870250229994, 0.48650017719102434, -0.24249536038757688, 0.24497639620560394, 0.25176687825094946, 0.9969387467718129, -1.1490952062831012, -0.4083086646419095, -0.816421901049119, -0.06268288152551038, 1.2184016186868165, -0.12281481612726367, 0.4303426855810261, -0.43502698269923057, -0.23775383063631073, 0.041788568314103436, 0.3504499482569105, 1.571153253704111, 0.3714659226659989, 0.302888611404213, 0.08018558364700332, -0.16582904027833378, 0.1507945141308788, -0.4904791274685794, -0.550414644979901, -0.020944359353328577, -0.16958562176893185, 0.248303978674832, -0.4021241782932371, -0.19897998418354818, -0.6739693729161127, -0.2593539171502255, -1.2600337403212665, 0.6282656705605043, 0.6585261681166219, -0.15001901474639, 0.7424979201298534, 0.28377071593656694, -1.4991669743572644, 