{
  "W_S": 3,
  "W_L": 10,
  "tau": 3.407988,
  "delta": {
    "mu": 0.006666,
    "sigma": 0.410441
  },
  "burst": {
    "mu": 0.157564,
    "sigma": 0.345465
  },
  "maxshift": {
    "mu": 0.072844,
    "sigma": 0.081655
  },
  "pca_components": [
    0.6613182296613127,
    0.31638128637268115,
    0.6801184314152904
  ],
  "pca_mean": [
    4.4429829139895626e-17,
    8.931963768735723e-16,
    -1.359030067808572e-17
  ],
  "kmeans_centroids": [
    -1.165428,
    0.3276,
    2.546445
  ]
}